"","patch_a","patch_b","scenario"
"1",39.6310068649886,35.5308374027853,"sole owner"
"2",21.1257309941521,23.6006683375105,"non-coop"
